-- phpMyAdmin SQL Dump
-- version 4.6.5.2
-- https://www.phpmyadmin.net/
--
-- Хост: 127.0.0.1:3306
-- Время создания: Июн 15 2017 г., 19:04
-- Версия сервера: 5.6.34
-- Версия PHP: 5.6.29

SET SQL_MODE = "NO_AUTO_VALUE_ON_ZERO";
SET time_zone = "+00:00";


/*!40101 SET @OLD_CHARACTER_SET_CLIENT=@@CHARACTER_SET_CLIENT */;
/*!40101 SET @OLD_CHARACTER_SET_RESULTS=@@CHARACTER_SET_RESULTS */;
/*!40101 SET @OLD_COLLATION_CONNECTION=@@COLLATION_CONNECTION */;
/*!40101 SET NAMES utf8mb4 */;

--
-- База данных: `symfony_local`
--

-- --------------------------------------------------------

--
-- Структура таблицы `contracts`
--

CREATE TABLE `contracts` (
  `id` int(11) NOT NULL,
  `entity_id` int(11) DEFAULT NULL,
  `contract_number` varchar(255) COLLATE utf8_unicode_ci NOT NULL
) ENGINE=InnoDB DEFAULT CHARSET=utf8 COLLATE=utf8_unicode_ci;

--
-- Дамп данных таблицы `contracts`
--

INSERT INTO `contracts` (`id`, `entity_id`, `contract_number`) VALUES
(1, NULL, 'C-1'),
(2, NULL, 'C-2'),
(3, 3, 'C-3'),
(4, 3, 'C-4'),
(5, NULL, 'C-5'),
(6, NULL, 'C-6'),
(7, NULL, 'II-7'),
(8, 2, 'II-8'),
(9, 2, 'II-9'),
(10, 2, 'II-10'),
(11, 2, 'II-11'),
(12, 2, 'II-12'),
(13, 2, 'II-13'),
(14, 2, 'II-14'),
(15, 2, 'II-15'),
(16, 1, 'II-16'),
(17, 1, 'II-17'),
(18, 3, 'C-18'),
(19, 3, 'C-19'),
(20, 3, 'II-20'),
(21, 4, 'II-21'),
(22, 4, 'II-22'),
(23, 4, 'II-23'),
(24, 3, 'II-24'),
(25, 3, 'II-25'),
(26, 3, 'II-26'),
(27, 3, 'II-27'),
(28, 3, 'II-28'),
(29, 3, 'II-29'),
(30, 3, 'II-30'),
(31, 4, 'II-31'),
(32, 4, 'II-32'),
(33, 4, 'II-33'),
(34, 1, 'II-34'),
(35, 1, 'II-35'),
(36, 1, 'II-36'),
(37, NULL, 'II-37'),
(38, NULL, 'II-38'),
(39, 1, 'II-39'),
(40, 1, 'II-40'),
(41, 3, 'II-41'),
(42, 4, 'II-42'),
(43, 4, 'II-43'),
(44, 3, 'II-44'),
(45, 3, 'II-45'),
(46, 3, 'II-46'),
(47, 3, 'C-47'),
(48, 4, 'C-48'),
(49, 4, 'C-49'),
(50, 3, 'C-50'),
(51, 3, 'C-51'),
(52, 3, 'C-52'),
(53, 3, 'C-53'),
(54, 3, 'C-54'),
(55, 3, 'C-55'),
(56, 3, 'C-56'),
(57, 3, 'C-57'),
(58, 3, 'C-58'),
(59, 1, 'C-59'),
(60, 1, 'C-60'),
(61, 1, 'C-61'),
(62, 4, 'II-62'),
(63, 4, 'II-63'),
(64, 4, 'II-64'),
(65, 4, 'II-65'),
(66, 4, 'II-66'),
(67, 4, 'II-67'),
(68, 4, 'II-68'),
(69, 4, 'II-69'),
(70, 4, 'II-70'),
(71, 3, 'C-71'),
(72, 3, 'C-72'),
(73, 4, 'II-73'),
(74, 4, 'II-74'),
(75, 3, 'C-75'),
(76, 3, 'C-76'),
(77, 3, 'C-77'),
(78, 3, 'C-78'),
(79, 3, 'C-79'),
(80, NULL, 'C-80'),
(81, NULL, 'C-81'),
(82, NULL, 'C-82'),
(83, NULL, 'C-83'),
(84, NULL, 'C-84'),
(85, NULL, 'C-85'),
(86, NULL, 'C-86'),
(87, NULL, 'C-87'),
(88, NULL, 'C-88'),
(89, NULL, 'C-89'),
(90, NULL, 'C-90'),
(91, NULL, 'C-91'),
(92, NULL, 'C-92'),
(93, NULL, 'C-93'),
(94, NULL, 'C-94'),
(95, NULL, 'C-95'),
(96, NULL, 'C-96'),
(97, NULL, 'C-97'),
(98, NULL, 'C-98'),
(99, NULL, 'C-99'),
(100, NULL, 'C-100'),
(101, NULL, 'C-101'),
(102, NULL, 'C-102'),
(103, NULL, 'C-103'),
(104, NULL, 'C-104'),
(105, NULL, 'C-105'),
(106, NULL, 'C-106'),
(107, NULL, 'C-107'),
(108, NULL, 'C-108'),
(109, NULL, 'C-109'),
(110, NULL, 'C-110'),
(111, NULL, 'C-111'),
(112, NULL, 'C-112'),
(113, NULL, 'C-113'),
(114, NULL, 'C-114'),
(115, NULL, 'C-115'),
(116, NULL, 'C-116'),
(117, NULL, 'C-117'),
(118, NULL, 'C-118'),
(119, NULL, 'C-119'),
(120, NULL, 'C-120'),
(121, NULL, 'C-121'),
(122, NULL, 'C-122'),
(123, NULL, 'C-123'),
(124, NULL, 'C-124'),
(125, NULL, 'C-125'),
(126, NULL, 'C-126'),
(127, NULL, 'C-127'),
(128, NULL, 'C-128'),
(129, NULL, 'C-129'),
(130, NULL, 'C-130'),
(131, NULL, 'C-131'),
(132, NULL, 'C-132'),
(133, NULL, 'C-133'),
(134, NULL, 'C-134'),
(135, NULL, 'C-135'),
(136, NULL, 'C-136'),
(137, NULL, 'C-137'),
(138, NULL, 'C-138'),
(139, NULL, 'C-139'),
(140, NULL, 'C-140');

-- --------------------------------------------------------

--
-- Структура таблицы `legal_entities`
--

CREATE TABLE `legal_entities` (
  `id` int(11) NOT NULL,
  `is_self_organization` tinyint(1) NOT NULL DEFAULT '0',
  `organization_type` tinyint(1) NOT NULL DEFAULT '0',
  `name` varchar(255) COLLATE utf8_unicode_ci NOT NULL,
  `second_name` varchar(255) COLLATE utf8_unicode_ci NOT NULL,
  `surname` varchar(255) COLLATE utf8_unicode_ci NOT NULL,
  `organization_name` varchar(255) COLLATE utf8_unicode_ci NOT NULL,
  `address` varchar(255) COLLATE utf8_unicode_ci NOT NULL,
  `identification_code` varchar(255) COLLATE utf8_unicode_ci NOT NULL,
  `passport_series` varchar(255) COLLATE utf8_unicode_ci NOT NULL,
  `passport_number` varchar(255) COLLATE utf8_unicode_ci NOT NULL,
  `passport_other` varchar(255) COLLATE utf8_unicode_ci NOT NULL
) ENGINE=InnoDB DEFAULT CHARSET=utf8 COLLATE=utf8_unicode_ci;

--
-- Дамп данных таблицы `legal_entities`
--

INSERT INTO `legal_entities` (`id`, `is_self_organization`, `organization_type`, `name`, `second_name`, `surname`, `organization_name`, `address`, `identification_code`, `passport_series`, `passport_number`, `passport_other`) VALUES
(1, 0, 0, 'Иван', 'Иванович', 'Иванов', '', 'dfslghpo', '1234567891', 'АН', '123456', 'фывлрпоыиарылвоарфдылвоарлы вдоарф ывдлаорфывдлор фывдалфоыврадфлывоа рфдлывор фва '),
(2, 0, 1, 'Петр', 'Петрович', 'Петров', 'ТОВ Петров ', 'asdgl kasg\';', '98765432', '', '', ''),
(3, 0, 0, 'Сидор', 'Сидорович', 'Сидоров', '', 'asdg\'lk askgas k\'a', '2345678912', 'АН', '234567', 'фывджалоф ывждалофж длаовыждалова дфлывоаждфы влаозущцшгл тясьмт'),
(4, 0, 1, 'Семён', 'Семёнович', 'Семёнов', 'ТОВ Семёнов', 'w\'ea k\'adk adsk', '87654321', '', '', ''),
(5, 0, 0, 'Сергей', 'Сергеевич', 'Сергеев', '', 'sad asdg pgsda ', '3456789123', 'АН', '345678', 'фэджафы фыэа фывэаж дфываэж дфывуцз лждла ьдлфаофдво шц34г рао тфшг3н рфы ва'),
(6, 0, 1, 'Антон', 'Антонович', 'Антонов', 'ПрАТ Антонов', 'asdg asgd g sagasd asdg', '76543219', '', '', ''),
(7, 1, 0, 'Алексей', 'Владимирович', 'Сердюк', 'ФОП Алексей', 'sad sad sdg asg asdg asdasg', '4567891324', 'C', '', ''),
(8, 1, 1, 'Алексей', 'Владимирович', 'Сердюк', 'ТОВ Фрэш', 'saefwe f asdfaf awf sdf asdf', '65432198', 'II', '', '');

-- --------------------------------------------------------

--
-- Структура таблицы `migration_versions`
--

CREATE TABLE `migration_versions` (
  `version` varchar(255) COLLATE utf8_unicode_ci NOT NULL
) ENGINE=InnoDB DEFAULT CHARSET=utf8 COLLATE=utf8_unicode_ci;

--
-- Дамп данных таблицы `migration_versions`
--

INSERT INTO `migration_versions` (`version`) VALUES
('20170528134119'),
('20170608055002'),
('20170608064620'),
('20170608064639'),
('20170615085340'),
('20170615101150'),
('20170615101302'),
('20170615101425'),
('20170615101527'),
('20170615101655'),
('20170615102754'),
('20170615103055'),
('20170615103516'),
('20170615104130'),
('20170615105659'),
('20170615115722');

-- --------------------------------------------------------

--
-- Структура таблицы `parameters`
--

CREATE TABLE `parameters` (
  `id` int(11) NOT NULL,
  `site_type_id` int(11) DEFAULT NULL,
  `work_type_id` int(11) DEFAULT NULL,
  `parameter_name` varchar(255) COLLATE utf8_unicode_ci NOT NULL,
  `parameter_value` varchar(255) COLLATE utf8_unicode_ci NOT NULL,
  `active` tinyint(1) NOT NULL,
  `updated` datetime NOT NULL
) ENGINE=InnoDB DEFAULT CHARSET=utf8 COLLATE=utf8_unicode_ci;

--
-- Дамп данных таблицы `parameters`
--

INSERT INTO `parameters` (`id`, `site_type_id`, `work_type_id`, `parameter_name`, `parameter_value`, `active`, `updated`) VALUES
(1, 1, 1, 'Главная', '30', 1, '0000-00-00 00:00:00'),
(2, 2, 1, 'Главная', '30', 1, '0000-00-00 00:00:00'),
(3, 3, 1, 'Главная', '30', 1, '0000-00-00 00:00:00'),
(4, 1, 3, 'Главная', '16', 1, '0000-00-00 00:00:00'),
(5, 2, 3, 'Главная', '16', 1, '0000-00-00 00:00:00'),
(6, 3, 3, 'Главная', '16', 1, '0000-00-00 00:00:00'),
(7, 1, 1, 'Каталог товаров', '10', 1, '0000-00-00 00:00:00'),
(8, 2, 1, 'Каталог товаров', '10', 1, '0000-00-00 00:00:00'),
(9, 3, 1, 'Каталог товаров', '10', 1, '0000-00-00 00:00:00'),
(10, 1, 3, 'Каталог товаров', '8', 1, '0000-00-00 00:00:00'),
(11, 2, 3, 'Каталог товаров', '8', 1, '0000-00-00 00:00:00'),
(12, 3, 3, 'Каталог товаров', '8', 1, '0000-00-00 00:00:00'),
(13, 1, 1, 'Карточка товара', '8', 1, '0000-00-00 00:00:00'),
(14, 2, 1, 'Карточка товара', '8', 1, '0000-00-00 00:00:00'),
(15, 3, 1, 'Карточка товара', '8', 1, '0000-00-00 00:00:00'),
(16, 1, 3, 'Карточка товара', '8', 1, '0000-00-00 00:00:00'),
(17, 2, 3, 'Карточка товара', '8', 1, '0000-00-00 00:00:00'),
(18, 3, 3, 'Карточка товара', '8', 1, '0000-00-00 00:00:00'),
(19, 1, 1, 'О компании', '6', 1, '0000-00-00 00:00:00'),
(20, 2, 1, 'О компании', '6', 1, '0000-00-00 00:00:00'),
(21, 3, 1, 'О компании', '6', 1, '0000-00-00 00:00:00'),
(22, 1, 3, 'О компании', '3', 1, '0000-00-00 00:00:00'),
(23, 2, 3, 'О компании', '3', 1, '0000-00-00 00:00:00'),
(24, 3, 3, 'О компании', '3', 1, '0000-00-00 00:00:00'),
(25, 1, 1, 'Новости/статьи', '6', 1, '0000-00-00 00:00:00'),
(26, 2, 1, 'Новости/статьи', '6', 1, '0000-00-00 00:00:00'),
(27, 3, 1, 'Новости/статьи', '6', 1, '0000-00-00 00:00:00'),
(28, 1, 3, 'Новости/статьи', '3', 1, '0000-00-00 00:00:00'),
(29, 2, 3, 'Новости/статьи', '3', 1, '0000-00-00 00:00:00'),
(30, 3, 3, 'Новости/статьи', '3', 1, '0000-00-00 00:00:00'),
(31, 1, 1, 'Новость/статья', '6', 1, '0000-00-00 00:00:00'),
(32, 2, 1, 'Новость/статья', '6', 1, '0000-00-00 00:00:00'),
(33, 3, 1, 'Новость/статья', '6', 1, '0000-00-00 00:00:00'),
(34, 1, 3, 'Новость/статья', '3', 1, '0000-00-00 00:00:00'),
(35, 2, 3, 'Новость/статья', '3', 1, '0000-00-00 00:00:00'),
(36, 3, 3, 'Новость/статья', '3', 1, '0000-00-00 00:00:00'),
(37, 1, 1, 'Контакты', '6', 1, '0000-00-00 00:00:00'),
(38, 2, 1, 'Контакты', '6', 1, '0000-00-00 00:00:00'),
(39, 3, 1, 'Контакты', '6', 1, '0000-00-00 00:00:00'),
(40, 1, 3, 'Контакты', '4', 1, '0000-00-00 00:00:00'),
(41, 2, 3, 'Контакты', '4', 1, '0000-00-00 00:00:00'),
(42, 3, 3, 'Контакты', '4', 1, '0000-00-00 00:00:00'),
(43, 1, 1, 'Результаты поиска', '6', 1, '0000-00-00 00:00:00'),
(44, 2, 1, 'Результаты поиска', '6', 1, '0000-00-00 00:00:00'),
(45, 3, 1, 'Результаты поиска', '6', 1, '0000-00-00 00:00:00'),
(46, 1, 3, 'Результаты поиска', '3', 1, '0000-00-00 00:00:00'),
(47, 2, 3, 'Результаты поиска', '3', 1, '0000-00-00 00:00:00'),
(48, 3, 3, 'Результаты поиска', '3', 1, '0000-00-00 00:00:00'),
(49, 1, 1, 'Страница 404', '4', 1, '0000-00-00 00:00:00'),
(50, 2, 1, 'Страница 404', '4', 1, '0000-00-00 00:00:00'),
(51, 3, 1, 'Страница 404', '4', 1, '0000-00-00 00:00:00'),
(52, 1, 3, 'Страница 404', '2', 1, '0000-00-00 00:00:00'),
(53, 2, 3, 'Страница 404', '2', 1, '0000-00-00 00:00:00'),
(54, 3, 3, 'Страница 404', '2', 1, '0000-00-00 00:00:00'),
(55, 1, 1, 'Форма обратной связ', '2', 1, '0000-00-00 00:00:00'),
(56, 2, 1, 'Форма обратной связ', '2', 1, '0000-00-00 00:00:00'),
(57, 3, 1, 'Форма обратной связ', '2', 1, '0000-00-00 00:00:00'),
(58, 1, 3, 'Форма обратной связ', '2', 1, '0000-00-00 00:00:00'),
(59, 2, 3, 'Форма обратной связ', '2', 1, '0000-00-00 00:00:00'),
(60, 3, 3, 'Форма обратной связ', '2', 1, '0000-00-00 00:00:00'),
(61, 3, 1, 'Корзина', '6', 1, '0000-00-00 00:00:00'),
(62, 3, 3, 'Корзина', '6', 1, '0000-00-00 00:00:00'),
(63, 3, 1, 'Оформление', '6', 1, '0000-00-00 00:00:00'),
(64, 3, 3, 'Оформление', '6', 1, '0000-00-00 00:00:00'),
(65, 3, 1, 'Личный кабинет', '8', 1, '0000-00-00 00:00:00'),
(66, 3, 3, 'Личный кабинет', '6', 1, '0000-00-00 00:00:00'),
(67, 3, 1, 'Профиль', '6', 1, '0000-00-00 00:00:00'),
(68, 3, 3, 'Профиль', '4', 1, '0000-00-00 00:00:00'),
(69, 3, 1, 'История заказов', '8', 1, '0000-00-00 00:00:00'),
(70, 3, 3, 'История заказов', '6', 1, '0000-00-00 00:00:00'),
(71, 3, 1, 'Форма регистрации/авторизации', '6', 1, '0000-00-00 00:00:00'),
(72, 3, 3, 'Форма регистрации/авторизации', '4', 1, '0000-00-00 00:00:00'),
(73, 1, 2, 'Установка и настройка ядра системы управления', '6', 1, '0000-00-00 00:00:00'),
(74, 2, 2, 'Установка и настройка ядра системы управления', '6', 1, '0000-00-00 00:00:00'),
(75, 3, 2, 'Установка и настройка ядра системы управления', '6', 1, '0000-00-00 00:00:00'),
(76, 1, 2, 'Интегрирование шаблонов с системой управления', '16', 1, '0000-00-00 00:00:00'),
(77, 2, 2, 'Интегрирование шаблонов с системой управления', '16', 1, '0000-00-00 00:00:00'),
(78, 3, 2, 'Интегрирование шаблонов с системой управления', '16', 1, '0000-00-00 00:00:00'),
(79, 1, 2, 'Каталог товаров', '16', 1, '0000-00-00 00:00:00'),
(80, 2, 2, 'Каталог товаров', '16', 1, '0000-00-00 00:00:00'),
(81, 3, 2, 'Каталог товаров', '16', 1, '0000-00-00 00:00:00'),
(82, 1, 2, 'Фильтры товаров', '16', 1, '0000-00-00 00:00:00'),
(83, 2, 2, 'Фильтры товаров', '16', 1, '0000-00-00 00:00:00'),
(84, 3, 2, 'Фильтры товаров', '16', 1, '0000-00-00 00:00:00'),
(85, 1, 2, 'Новости/статьи', '6', 1, '0000-00-00 00:00:00'),
(86, 2, 2, 'Новости/статьи', '6', 1, '0000-00-00 00:00:00'),
(87, 3, 2, 'Новости/статьи', '6', 1, '0000-00-00 00:00:00'),
(88, 1, 2, 'Формы обратной связи', '6', 1, '0000-00-00 00:00:00'),
(89, 2, 2, 'Формы обратной связи', '6', 1, '0000-00-00 00:00:00'),
(90, 3, 2, 'Формы обратной связи', '6', 1, '0000-00-00 00:00:00'),
(91, 1, 2, 'Поиск по сайту', '7', 1, '0000-00-00 00:00:00'),
(92, 2, 2, 'Поиск по сайту', '7', 1, '0000-00-00 00:00:00'),
(93, 3, 2, 'Поиск по сайту', '7', 1, '0000-00-00 00:00:00'),
(94, 1, 2, 'Фотогалереи', '4', 1, '0000-00-00 00:00:00'),
(95, 2, 2, 'Фотогалереи', '4', 1, '0000-00-00 00:00:00'),
(96, 3, 2, 'Фотогалереи', '4', 1, '0000-00-00 00:00:00'),
(97, 1, 2, 'Видеогалереи', '4', 1, '0000-00-00 00:00:00'),
(98, 2, 2, 'Видеогалереи', '4', 1, '0000-00-00 00:00:00'),
(99, 3, 2, 'Видеогалереи', '4', 1, '0000-00-00 00:00:00'),
(100, 1, 2, 'Отзывы', '6', 1, '0000-00-00 00:00:00'),
(101, 2, 2, 'Отзывы', '6', 1, '0000-00-00 00:00:00'),
(102, 3, 2, 'Отзывы', '6', 1, '0000-00-00 00:00:00'),
(103, 1, 2, 'Вопрос-ответ', '8', 1, '0000-00-00 00:00:00'),
(104, 2, 2, 'Вопрос-ответ', '8', 1, '0000-00-00 00:00:00'),
(105, 3, 2, 'Вопрос-ответ', '8', 1, '0000-00-00 00:00:00'),
(106, 1, 2, 'Импорт из CSV/xls', '10', 1, '0000-00-00 00:00:00'),
(107, 2, 2, 'Импорт из CSV/xls', '10', 1, '0000-00-00 00:00:00'),
(108, 3, 2, 'Импорт из CSV/xls', '10', 1, '0000-00-00 00:00:00'),
(109, 1, 2, 'Экспорт в CSV/xls', '10', 1, '0000-00-00 00:00:00'),
(110, 2, 2, 'Экспорт в CSV/xls', '10', 1, '0000-00-00 00:00:00'),
(111, 3, 2, 'Экспорт в CSV/xls', '10', 1, '0000-00-00 00:00:00'),
(112, 1, 2, 'Мультиязычность', '6', 1, '0000-00-00 00:00:00'),
(113, 2, 2, 'Мультиязычность', '6', 1, '0000-00-00 00:00:00'),
(114, 3, 2, 'Мультиязычность', '6', 1, '0000-00-00 00:00:00'),
(115, 3, 2, 'Корзина', '12', 1, '0000-00-00 00:00:00'),
(116, 3, 2, 'Оформление заказа', '18', 1, '0000-00-00 00:00:00'),
(117, 3, 2, 'Личный кабинет', '16', 1, '0000-00-00 00:00:00'),
(118, 3, 2, 'Профиль', '4', 1, '0000-00-00 00:00:00'),
(119, 3, 2, 'История заказов', '8', 1, '0000-00-00 00:00:00'),
(120, 3, 2, 'Система скидок', '10', 1, '0000-00-00 00:00:00'),
(121, 3, 2, 'Регистрация', '8', 1, '0000-00-00 00:00:00'),
(122, 3, 2, 'Авторизация', '4', 1, '0000-00-00 00:00:00'),
(123, 3, 2, 'Оонлайн оплата', '5', 1, '0000-00-00 00:00:00'),
(124, 3, 2, 'Модуль доставки новой почтой', '6ч', 1, '0000-00-00 00:00:00'),
(125, 3, 2, 'Синхронизация с 1с', '20', 1, '0000-00-00 00:00:00'),
(126, 3, 2, 'Оформление заказа по телефону', '6', 1, '0000-00-00 00:00:00');

-- --------------------------------------------------------

--
-- Структура таблицы `patenting_prices`
--

CREATE TABLE `patenting_prices` (
  `id` int(11) NOT NULL,
  `service_name` varchar(255) COLLATE utf8_unicode_ci NOT NULL,
  `price` varchar(255) COLLATE utf8_unicode_ci NOT NULL,
  `registartion_type` tinyint(1) NOT NULL DEFAULT '0',
  `is_partner` tinyint(1) NOT NULL DEFAULT '0',
  `class` tinyint(1) NOT NULL DEFAULT '0',
  `registartion_urgency` int(11) NOT NULL
) ENGINE=InnoDB DEFAULT CHARSET=utf8 COLLATE=utf8_unicode_ci;

--
-- Дамп данных таблицы `patenting_prices`
--

INSERT INTO `patenting_prices` (`id`, `service_name`, `price`, `registartion_type`, `is_partner`, `class`, `registartion_urgency`) VALUES
(1, 'В цвете(Оплата збору за подання заявки на реєстрацію знака)', '500', 0, 0, 0, 0),
(2, 'В цвете(Оплата збору за публікацію про видачу свідоцтва)', '100', 0, 0, 0, 0),
(3, 'За каждый клас если больше одного заявителя', '300', 0, 0, 0, 0),
(4, 'Оплата збору за проведення попереднього пошуку позначення на тотожність і схожість словесної частини знака', '864', 0, 0, 0, 1),
(5, 'Оплата збору за проведення попереднього пошуку позначення на тотожність і схожість словесної частини знака', '174', 0, 0, 1, 1),
(6, 'Проведення попереднього пошуку позначення на тотожність і схожість', '400', 0, 0, 0, 1),
(7, 'Оформлення і подача заявки на реєстрацію знака для товарів і послуг', '1600', 0, 0, 0, 1),
(8, 'Оформлення і подача заявки на реєстрацію знака для товарів і послуг', '100', 0, 0, 1, 1),
(9, 'Оплата збору за подання заявки на реєстрацію знака', '1000', 0, 0, 0, 1),
(10, 'Оплата збору за подання заявки на реєстрацію знака', '1000', 0, 0, 1, 1),
(11, 'Мито за видачу свідоцтва', '85', 0, 0, 0, 1),
(12, 'Оплата збору за публікацію про видачу свідоцтва', '150', 0, 0, 0, 1),
(13, 'Оплата збору за публікацію про видачу свідоцтва', '150', 0, 0, 1, 1),
(14, 'Отримання свідоцтва', '400', 0, 0, 0, 1),
(15, 'Оплата збору за проведення попереднього пошуку позначення на тотожність і схожість словесної частини знака', '864', 0, 0, 0, 2),
(16, 'Оплата збору за проведення попереднього пошуку позначення на тотожність і схожість словесної частини знака', '174', 0, 0, 1, 2),
(17, 'Проведення попереднього пошуку позначення на тотожність і схожість', '400', 0, 0, 0, 2),
(18, 'Оформлення і подача заявки на реєстрацію знака для товарів і послуг', '1600', 0, 0, 0, 2),
(19, 'Оформлення і подача заявки на реєстрацію знака для товарів і послуг', '100', 0, 0, 1, 2),
(20, 'Оплата збору за подання заявки на реєстрацію знака', '1000', 0, 0, 0, 2),
(21, 'Оплата збору за подання заявки на реєстрацію знака', '1000', 0, 0, 1, 2),
(22, 'Оформлення документів на проведення термінової процедури реєстрації', '1000', 0, 0, 0, 2),
(23, 'Оплата збору за проведення термінової процедури реєстрації', '1746', 0, 0, 0, 2),
(24, 'Оплата збору за проведення термінової процедури реєстрації', '132', 0, 0, 1, 2),
(25, 'Мито за видачу свідоцтва', '85', 0, 0, 0, 2),
(26, 'Оплата збору за публікацію про видачу свідоцтва', '150', 0, 0, 0, 2),
(27, 'Оплата збору за публікацію про видачу свідоцтва', '150', 0, 0, 1, 2),
(28, 'Отримання свідоцтва', '400', 0, 0, 0, 2),
(29, 'Оплата збору за проведення попереднього пошуку позначення на тотожність і схожість словесної частини знака', '864', 0, 0, 0, 3),
(30, 'Оплата збору за проведення попереднього пошуку позначення на тотожність і схожість словесної частини знака', '174', 0, 0, 1, 3),
(31, 'Проведення попереднього пошуку позначення на тотожність і схожість', '400', 0, 0, 0, 3),
(32, 'Оформлення і подача заявки на реєстрацію знака для товарів і послуг', '1600', 0, 0, 0, 3),
(33, 'Оформлення і подача заявки на реєстрацію знака для товарів і послуг', '100', 0, 0, 1, 3),
(34, 'Оплата збору за подання заявки на реєстрацію знака', '1000', 0, 0, 0, 3),
(35, 'Оплата збору за подання заявки на реєстрацію знака', '1000', 0, 0, 1, 3),
(36, 'Оформлення документів на проведення термінової процедури реєстрації', '1000', 0, 0, 0, 3),
(37, 'Оплата збору за проведення термінової процедури реєстрації', '3964.5', 0, 0, 0, 3),
(38, 'Оплата збору за проведення термінової процедури реєстрації', '392.1', 0, 0, 1, 3),
(39, 'Мито за видачу свідоцтва', '85', 0, 0, 0, 3),
(40, 'Оплата збору за публікацію про видачу свідоцтва', '150', 0, 0, 0, 3),
(41, 'Оплата збору за публікацію про видачу свідоцтва', '150', 0, 0, 1, 3),
(42, 'Отримання свідоцтва', '400', 0, 0, 0, 3),
(43, 'Оплата збору за проведення попереднього пошуку позначення на тотожність і схожість словесної частини знака', '1728', 1, 0, 0, 1),
(44, 'Оплата збору за проведення попереднього пошуку позначення на тотожність і схожість словесної частини знака', '348', 1, 0, 1, 1),
(45, 'Проведення попереднього пошуку позначення на тотожність і схожість', '400', 1, 0, 0, 1),
(46, 'Оформлення і подача заявки на реєстрацію знака для товарів і послуг', '1600', 1, 0, 0, 1),
(47, 'Оформлення і подача заявки на реєстрацію знака для товарів і послуг', '100', 1, 0, 1, 1),
(48, 'Оплата збору за подання заявки на реєстрацію знака', '1000', 1, 0, 0, 1),
(49, 'Оплата збору за подання заявки на реєстрацію знака', '1000', 1, 0, 1, 1),
(50, 'Мито за видачу свідоцтва', '85', 1, 0, 0, 1),
(51, 'Оплата збору за публікацію про видачу свідоцтва', '150', 1, 0, 0, 1),
(52, 'Оплата збору за публікацію про видачу свідоцтва', '150', 1, 0, 1, 1),
(53, 'Отримання свідоцтва', '400', 1, 0, 0, 1),
(54, 'Оплата збору за проведення попереднього пошуку позначення на тотожність і схожість словесної частини знака', '1728', 1, 0, 0, 2),
(55, 'Оплата збору за проведення попереднього пошуку позначення на тотожність і схожість словесної частини знака', '348', 1, 0, 1, 2),
(56, 'Проведення попереднього пошуку позначення на тотожність і схожість', '400', 1, 0, 0, 2),
(57, 'Оформлення і подача заявки на реєстрацію знака для товарів і послуг', '1600', 1, 0, 0, 2),
(58, 'Оформлення і подача заявки на реєстрацію знака для товарів і послуг', '100', 1, 0, 1, 2),
(59, 'Оплата збору за подання заявки на реєстрацію знака', '1000', 1, 0, 0, 2),
(60, 'Оплата збору за подання заявки на реєстрацію знака', '1000', 1, 0, 1, 2),
(61, 'Оформлення документів на проведення термінової процедури реєстрації', '1000', 1, 0, 0, 2),
(62, 'Оплата збору за проведення термінової процедури реєстрації', '2970', 1, 0, 0, 2),
(63, 'Оплата збору за проведення термінової процедури реєстрації', '132', 1, 0, 1, 2),
(64, 'Мито за видачу свідоцтва', '85', 1, 0, 0, 2),
(65, 'Оплата збору за публікацію про видачу свідоцтва', '150', 1, 0, 0, 2),
(66, 'Оплата збору за публікацію про видачу свідоцтва', '150', 1, 0, 1, 2),
(67, 'Отримання свідоцтва', '400', 1, 0, 0, 2),
(68, 'Оплата збору за проведення попереднього пошуку позначення на тотожність і схожість словесної частини знака', '1728', 1, 0, 0, 3),
(69, 'Оплата збору за проведення попереднього пошуку позначення на тотожність і схожість словесної частини знака', '348', 1, 0, 1, 3),
(70, 'Проведення попереднього пошуку позначення на тотожність і схожість', '400', 1, 0, 0, 3),
(71, 'Оформлення і подача заявки на реєстрацію знака для товарів і послуг', '1600', 1, 0, 0, 3),
(72, 'Оформлення і подача заявки на реєстрацію знака для товарів і послуг', '100', 1, 0, 1, 3),
(73, 'Оплата збору за подання заявки на реєстрацію знака', '1000', 1, 0, 0, 3),
(74, 'Оплата збору за подання заявки на реєстрацію знака', '1000', 1, 0, 1, 3),
(75, 'Оформлення документів на проведення термінової процедури реєстрації', '1000', 1, 0, 0, 3),
(76, 'Оплата збору за проведення термінової процедури реєстрації', '6963.3', 1, 0, 0, 3),
(77, 'Оплата збору за проведення термінової процедури реєстрації', '540', 1, 0, 1, 3),
(78, 'Мито за видачу свідоцтва', '85', 1, 0, 0, 3),
(79, 'Оплата збору за публікацію про видачу свідоцтва', '150', 1, 0, 0, 3),
(80, 'Оплата збору за публікацію про видачу свідоцтва', '150', 1, 0, 1, 3),
(81, 'Отримання свідоцтва', '400', 1, 0, 0, 3),
(82, 'Оплата збору за проведення попереднього пошуку позначення на тотожність і схожість словесної частини знака', '864', 0, 1, 0, 1),
(83, 'Оплата збору за проведення попереднього пошуку позначення на тотожність і схожість словесної частини знака', '174', 0, 1, 1, 1),
(84, 'Проведення попереднього пошуку позначення на тотожність і схожість', '300', 0, 1, 0, 1),
(85, 'Оформлення і подача заявки на реєстрацію знака для товарів і послуг', '1200', 0, 1, 0, 1),
(86, 'Оформлення і подача заявки на реєстрацію знака для товарів і послуг', '100', 0, 1, 1, 1),
(87, 'Оплата збору за подання заявки на реєстрацію знака', '1000', 0, 1, 0, 1),
(88, 'Оплата збору за подання заявки на реєстрацію знака', '1000', 0, 1, 1, 1),
(89, 'Мито за видачу свідоцтва', '85', 0, 1, 0, 1),
(90, 'Оплата збору за публікацію про видачу свідоцтва', '150', 0, 1, 0, 1),
(91, 'Оплата збору за публікацію про видачу свідоцтва', '150', 0, 1, 1, 1),
(92, 'Отримання свідоцтва', '300', 0, 1, 0, 1),
(93, 'Оплата збору за проведення попереднього пошуку позначення на тотожність і схожість словесної частини знака', '864', 0, 1, 0, 2),
(94, 'Оплата збору за проведення попереднього пошуку позначення на тотожність і схожість словесної частини знака', '174', 0, 1, 1, 2),
(95, 'Проведення попереднього пошуку позначення на тотожність і схожість', '300', 0, 1, 0, 2),
(96, 'Оформлення і подача заявки на реєстрацію знака для товарів і послуг', '1200', 0, 1, 0, 2),
(97, 'Оформлення і подача заявки на реєстрацію знака для товарів і послуг', '100', 0, 1, 1, 2),
(98, 'Оплата збору за подання заявки на реєстрацію знака', '1000', 0, 1, 0, 2),
(99, 'Оплата збору за подання заявки на реєстрацію знака', '1000', 0, 1, 1, 2),
(100, 'Оформлення документів на проведення термінової процедури реєстрації', '1000', 0, 1, 0, 2),
(101, 'Оплата збору за проведення термінової процедури реєстрації', '1746', 0, 1, 0, 2),
(102, 'Оплата збору за проведення термінової процедури реєстрації', '132', 0, 1, 1, 2),
(103, 'Мито за видачу свідоцтва', '85', 0, 1, 0, 2),
(104, 'Оплата збору за публікацію про видачу свідоцтва', '150', 0, 1, 0, 2),
(105, 'Оплата збору за публікацію про видачу свідоцтва', '150', 0, 1, 1, 2),
(106, 'Отримання свідоцтва', '300', 0, 1, 0, 2),
(107, 'Оплата збору за проведення попереднього пошуку позначення на тотожність і схожість словесної частини знака', '864', 0, 1, 0, 3),
(108, 'Оплата збору за проведення попереднього пошуку позначення на тотожність і схожість словесної частини знака', '174', 0, 1, 1, 3),
(109, 'Проведення попереднього пошуку позначення на тотожність і схожість', '400', 0, 1, 0, 3),
(110, 'Оформлення і подача заявки на реєстрацію знака для товарів і послуг', '1600', 0, 1, 0, 3),
(111, 'Оформлення і подача заявки на реєстрацію знака для товарів і послуг', '100', 0, 1, 1, 3),
(112, 'Оплата збору за подання заявки на реєстрацію знака', '1000', 0, 1, 0, 3),
(113, 'Оплата збору за подання заявки на реєстрацію знака', '1000', 0, 1, 1, 3),
(114, 'Оформлення документів на проведення термінової процедури реєстрації', '1000', 0, 1, 0, 3),
(115, 'Оплата збору за проведення термінової процедури реєстрації', '3964.5', 0, 1, 0, 3),
(116, 'Оплата збору за проведення термінової процедури реєстрації', '392.1', 0, 1, 1, 3),
(117, 'Мито за видачу свідоцтва', '85', 0, 1, 0, 3),
(118, 'Оплата збору за публікацію про видачу свідоцтва', '150', 0, 1, 0, 3),
(119, 'Оплата збору за публікацію про видачу свідоцтва', '150', 0, 1, 1, 3),
(120, 'Отримання свідоцтва', '400', 0, 1, 0, 3),
(121, 'Оплата збору за проведення попереднього пошуку позначення на тотожність і схожість словесної частини знака', '1728', 1, 1, 0, 1),
(122, 'Оплата збору за проведення попереднього пошуку позначення на тотожність і схожість словесної частини знака', '348', 1, 1, 1, 1),
(123, 'Проведення попереднього пошуку позначення на тотожність і схожість', '400', 1, 1, 0, 1),
(124, 'Оформлення і подача заявки на реєстрацію знака для товарів і послуг', '1600', 1, 1, 0, 1),
(125, 'Оформлення і подача заявки на реєстрацію знака для товарів і послуг', '100', 1, 1, 1, 1),
(126, 'Оплата збору за подання заявки на реєстрацію знака', '1000', 1, 1, 0, 1),
(127, 'Оплата збору за подання заявки на реєстрацію знака', '1000', 1, 1, 1, 1),
(128, 'Мито за видачу свідоцтва', '85', 1, 1, 0, 1),
(129, 'Оплата збору за публікацію про видачу свідоцтва', '150', 1, 1, 0, 1),
(130, 'Оплата збору за публікацію про видачу свідоцтва', '150', 1, 1, 1, 1),
(131, 'Отримання свідоцтва', '400', 1, 1, 0, 1),
(132, 'Оплата збору за проведення попереднього пошуку позначення на тотожність і схожість словесної частини знака', '1728', 1, 1, 0, 2),
(133, 'Оплата збору за проведення попереднього пошуку позначення на тотожність і схожість словесної частини знака', '348', 1, 1, 1, 2),
(134, 'Проведення попереднього пошуку позначення на тотожність і схожість', '400', 1, 1, 0, 2),
(135, 'Оформлення і подача заявки на реєстрацію знака для товарів і послуг', '1600', 1, 1, 0, 2),
(136, 'Оформлення і подача заявки на реєстрацію знака для товарів і послуг', '100', 1, 1, 1, 2),
(137, 'Оплата збору за подання заявки на реєстрацію знака', '1000', 1, 1, 0, 2),
(138, 'Оплата збору за подання заявки на реєстрацію знака', '1000', 1, 1, 1, 2),
(139, 'Оформлення документів на проведення термінової процедури реєстрації', '1000', 1, 1, 0, 2),
(140, 'Оплата збору за проведення термінової процедури реєстрації', '2970', 1, 1, 0, 2),
(141, 'Оплата збору за проведення термінової процедури реєстрації', '132', 1, 1, 1, 2),
(142, 'Мито за видачу свідоцтва', '85', 1, 1, 0, 2),
(143, 'Оплата збору за публікацію про видачу свідоцтва', '150', 1, 1, 0, 2),
(144, 'Оплата збору за публікацію про видачу свідоцтва', '150', 1, 1, 1, 2),
(145, 'Отримання свідоцтва', '400', 1, 1, 0, 2),
(146, 'Оплата збору за проведення попереднього пошуку позначення на тотожність і схожість словесної частини знака', '1728', 1, 1, 0, 3),
(147, 'Оплата збору за проведення попереднього пошуку позначення на тотожність і схожість словесної частини знака', '348', 1, 1, 1, 3),
(148, 'Проведення попереднього пошуку позначення на тотожність і схожість', '400', 1, 1, 0, 3),
(149, 'Оформлення і подача заявки на реєстрацію знака для товарів і послуг', '1600', 1, 1, 0, 3),
(150, 'Оформлення і подача заявки на реєстрацію знака для товарів і послуг', '100', 1, 1, 1, 3),
(151, 'Оплата збору за подання заявки на реєстрацію знака', '1000', 1, 1, 0, 3),
(152, 'Оплата збору за подання заявки на реєстрацію знака', '1000', 1, 1, 1, 3),
(153, 'Оформлення документів на проведення термінової процедури реєстрації', '1000', 1, 1, 0, 3),
(154, 'Оплата збору за проведення термінової процедури реєстрації', '6963.3', 1, 1, 0, 3),
(155, 'Оплата збору за проведення термінової процедури реєстрації', '540', 1, 1, 1, 3),
(156, 'Мито за видачу свідоцтва', '85', 1, 1, 0, 3),
(157, 'Оплата збору за публікацію про видачу свідоцтва', '150', 1, 1, 0, 3),
(158, 'Оплата збору за публікацію про видачу свідоцтва', '150', 1, 1, 1, 3),
(159, 'Отримання свідоцтва', '400', 1, 1, 0, 3);

-- --------------------------------------------------------

--
-- Структура таблицы `sites_types`
--

CREATE TABLE `sites_types` (
  `id` int(11) NOT NULL,
  `site_type` varchar(255) COLLATE utf8_unicode_ci NOT NULL
) ENGINE=InnoDB DEFAULT CHARSET=utf8 COLLATE=utf8_unicode_ci;

--
-- Дамп данных таблицы `sites_types`
--

INSERT INTO `sites_types` (`id`, `site_type`) VALUES
(1, 'Корпоративный'),
(2, 'Каталог'),
(3, 'Магазин');

-- --------------------------------------------------------

--
-- Структура таблицы `work_types`
--

CREATE TABLE `work_types` (
  `id` int(11) NOT NULL,
  `work_type` varchar(255) COLLATE utf8_unicode_ci NOT NULL
) ENGINE=InnoDB DEFAULT CHARSET=utf8 COLLATE=utf8_unicode_ci;

--
-- Дамп данных таблицы `work_types`
--

INSERT INTO `work_types` (`id`, `work_type`) VALUES
(1, 'Дизайн'),
(2, 'Программирование'),
(3, 'Верстка');

--
-- Индексы сохранённых таблиц
--

--
-- Индексы таблицы `contracts`
--
ALTER TABLE `contracts`
  ADD PRIMARY KEY (`id`),
  ADD KEY `IDX_950A97381257D5D` (`entity_id`);

--
-- Индексы таблицы `legal_entities`
--
ALTER TABLE `legal_entities`
  ADD PRIMARY KEY (`id`);

--
-- Индексы таблицы `migration_versions`
--
ALTER TABLE `migration_versions`
  ADD PRIMARY KEY (`version`);

--
-- Индексы таблицы `parameters`
--
ALTER TABLE `parameters`
  ADD PRIMARY KEY (`id`),
  ADD KEY `IDX_69348FE3EE86E58` (`site_type_id`),
  ADD KEY `IDX_69348FE108734B1` (`work_type_id`);

--
-- Индексы таблицы `patenting_prices`
--
ALTER TABLE `patenting_prices`
  ADD PRIMARY KEY (`id`);

--
-- Индексы таблицы `sites_types`
--
ALTER TABLE `sites_types`
  ADD PRIMARY KEY (`id`);

--
-- Индексы таблицы `work_types`
--
ALTER TABLE `work_types`
  ADD PRIMARY KEY (`id`);

--
-- AUTO_INCREMENT для сохранённых таблиц
--

--
-- AUTO_INCREMENT для таблицы `contracts`
--
ALTER TABLE `contracts`
  MODIFY `id` int(11) NOT NULL AUTO_INCREMENT, AUTO_INCREMENT=141;
--
-- AUTO_INCREMENT для таблицы `legal_entities`
--
ALTER TABLE `legal_entities`
  MODIFY `id` int(11) NOT NULL AUTO_INCREMENT, AUTO_INCREMENT=9;
--
-- AUTO_INCREMENT для таблицы `parameters`
--
ALTER TABLE `parameters`
  MODIFY `id` int(11) NOT NULL AUTO_INCREMENT, AUTO_INCREMENT=127;
--
-- AUTO_INCREMENT для таблицы `patenting_prices`
--
ALTER TABLE `patenting_prices`
  MODIFY `id` int(11) NOT NULL AUTO_INCREMENT, AUTO_INCREMENT=163;
--
-- AUTO_INCREMENT для таблицы `sites_types`
--
ALTER TABLE `sites_types`
  MODIFY `id` int(11) NOT NULL AUTO_INCREMENT, AUTO_INCREMENT=4;
--
-- AUTO_INCREMENT для таблицы `work_types`
--
ALTER TABLE `work_types`
  MODIFY `id` int(11) NOT NULL AUTO_INCREMENT, AUTO_INCREMENT=4;
--
-- Ограничения внешнего ключа сохраненных таблиц
--

--
-- Ограничения внешнего ключа таблицы `contracts`
--
ALTER TABLE `contracts`
  ADD CONSTRAINT `FK_950A97381257D5D` FOREIGN KEY (`entity_id`) REFERENCES `legal_entities` (`id`);

--
-- Ограничения внешнего ключа таблицы `parameters`
--
ALTER TABLE `parameters`
  ADD CONSTRAINT `FK_69348FE108734B1` FOREIGN KEY (`work_type_id`) REFERENCES `work_types` (`id`),
  ADD CONSTRAINT `FK_69348FE3EE86E58` FOREIGN KEY (`site_type_id`) REFERENCES `sites_types` (`id`);

/*!40101 SET CHARACTER_SET_CLIENT=@OLD_CHARACTER_SET_CLIENT */;
/*!40101 SET CHARACTER_SET_RESULTS=@OLD_CHARACTER_SET_RESULTS */;
/*!40101 SET COLLATION_CONNECTION=@OLD_COLLATION_CONNECTION */;
